date,Topic #01,Topic
2020-09-09,romeo elvis accuse,
2020-09-09,romeo elvis,
2020-09-09,accuse dagression sexuelle,
2020-09-09,elvis accuse,
2020-09-09,dagression sexuelle,
2020-09-09,accuse dagression,
2020-09-09,elvis accuse dagression,
2020-09-09,tour france,
2020-09-09,sexuelle angele reagit,
2020-09-09,sexuelle angele,
2020-09-09,,romeo elvis
2020-09-09,,elvis accuse dagression
2020-09-09,,dagression sexuelle
2020-09-09,,romeo elvis accuse
2020-09-09,,accuse dagression
2020-09-09,,accuse dagression sexuelle
2020-09-09,,elvis accuse
2020-09-09,,tour france
2020-09-09,,dagression sexuelle angele
2020-09-09,,sexuelle angele reagit
2020-09-10,,devenue beaucoup
2020-09-10,,crise devenue beaucoup
2020-09-10,,savons crise devenue
2020-09-10,,savons crise
2020-09-10,,plus complexe
2020-09-10,,emmanuel andre aujourdhui
2020-09-10,,bell cofondateur
2020-09-10,,devenue beaucoup plus
2020-09-10,,reprises etoilees
2020-09-10,,beaucoup plus
