date,url
"2020-09-27","https://www.larazon.es/madrid/20200927/hy3caek4ybcs3ies7oo3vruf2q.html"
"2020-09-27","https://www.larazon.es/medio-ambiente/20200925/qppwtpgksvc63hidgtd75ssupa.html"
"2020-09-27","https://www.larazon.es/espana/20200927/q4vlw5qhlvfyvngaqvkc65la2i.html"
"2020-09-27","https://www.larazon.es/laotraliga/20200926/tzbri6ru7fbbnklnnmwvd2wj6y.html"
"2020-09-27","https://www.larazon.es/espana/20200927/kwmkwi6gyfhcbpjv672g7lqtau.html"
"2020-09-27","https://www.larazon.es/viajes/20200925/he2ddvmt2nh75kfa2asctqczwa.html"
"2020-09-27","https://www.larazon.es/internacional/20200927/ahvgbod3hvbtjkvevhx7psrm4i.html"
"2020-09-27","https://www.larazon.es/economia/20200927/fiw4nkjia5dtnfhmwskiyt7g6e.html"
"2020-09-27","https://www.larazon.es/comunidad-valenciana/20200926/tsuy4rn5xndlndxhzr55z6kaxy.html"
"2020-09-27","https://www.larazon.es/educacion/20200925/ujoehybsi5g43cmkdj6at7abve.html"
"2020-09-27","https://www.larazon.es/television/20200924/xyb2jueelbhddp3rdxolizupxa.html"
"2020-09-27","https://www.larazon.es/internacional/20200927/b7p55qt6zff2hnpdvyubwcexmy.html"
"2020-09-27","https://www.larazon.es/andalucia/20200926/6i44gpaouvc7nbajmswq2pwh6e.html"
"2020-09-27","https://www.larazon.es/andalucia/20200927/hrtfcfficbeddl3iffalubcswu.html"
"2020-09-27","https://www.larazon.es/esports/20200924/ubbmuiuibvcrbnhhevkwrh7rpa.html"
"2020-09-27","https://www.larazon.es/murcia/20200926/h5rbfgsinzg4tmmrc7h6jaz4nq.html"
"2020-09-27","https://www.larazon.es/madrid/20200926/xr7isw657vcsfbbcfnyrtzqli4.html"
"2020-09-27","https://www.larazon.es/ciencia/20200927/w7mmfssnvfc55gkxl6rb3vhslm.html"
"2020-09-27","https://www.larazon.es/internacional/20200926/6p3zs4tnw5dwtdnf57tt7tzr6e.html"
"2020-09-27","https://www.larazon.es/madrid/20200927/g77ybnvmqnah7oc7wq6oc634da.html"
"2020-09-27","https://www.larazon.es/internacional/20200927/3t3pfnp7qfbfhpzjjenirkcxqi.html"
"2020-09-27","https://www.larazon.es/madrid/20200927/tfyp2jztf5eb5njvmw7xwiw7fi.html"
"2020-09-27","https://www.larazon.es/deportes/20200927/dnxeko6akrcyfns4y4klxwti6a.html"
"2020-09-27","https://www.larazon.es/economia/20200927/5542qvsehnffvfgd5jlpnukpiq.html"
"2020-09-27","https://www.larazon.es/castilla-y-leon/20200927/6tmgdsrc7rc7pjouwjy7agd3cy.html"
"2020-09-27","https://www.larazon.es/television/20200925/pnp25p5rfrhcrof5pueixoyvvq.html"
"2020-09-27","https://www.larazon.es/opinion/20200927/hx6czgltrja2re5ilcsgruwi6a.html"
"2020-09-27","https://www.larazon.es/deportes/20200927/yuqoiaimabhwnekv3ijcf3sgnu.html"
"2020-09-27","https://www.larazon.es/sociedad/20200927/4bbfzpuegrdnxnph3py2m3vzee.html"
"2020-09-27","https://www.larazon.es/viajes/20200926/zjyge4unargi3jorqb5kj7fuzq.html"
"2020-09-27","https://www.larazon.es/murcia/20200926/oxmpxy2x4jdk3ezllob6jt737q.html"
"2020-09-27","https://www.larazon.es/esports/20200921/eqcjk3xp2zfatpzo2yropxpgcq.html"
"2020-09-27","https://www.larazon.es/murcia/20200926/xxisj2qebbdtlgyeixtuglc4fi.html"
"2020-09-27","https://www.larazon.es/opinion/20200927/plbdjrsizndqxo2zta5pplag6i.html"
"2020-09-27","https://www.larazon.es/gente/20200927/cjr33h77xfek3boqao4ddatv4e.html"
"2020-09-27","https://www.larazon.es/cultura/20200927/7htehlm3rrgpnj4kxg7ssopj6e.html"
"2020-09-27","https://www.larazon.es/andalucia/20200923/6vlc6jq2fnbmjpcrfvwnhdiiy4.html"
"2020-09-27","https://www.larazon.es/laotraliga/20200926/mapivfa3f5e7ngg6lr32rwcv2e.html"
"2020-09-27","https://www.larazon.es/cataluna/20200926/nzlvnojamffktck4gorrclflk4.html"
"2020-09-27","https://www.larazon.es/espana/20200927/pyosp3ohhfed3ghtttm2zgbdym.html"
"2020-09-27","https://www.larazon.es/medio-ambiente/20200925/y3sw7m65szc2rjobbwzusmlr7q.html"
"2020-09-27","https://www.larazon.es/educacion/20200917/64m4ovtqyraxxkkt3coc6gznr4.html"
"2020-09-27","https://www.larazon.es/espana/20200927/xd6oytjsn5g5xexetsfkih3vda.html"
"2020-09-27","https://www.larazon.es/laotraliga/20200925/3662gdbsazfphm27b23vmixcoy.html"
"2020-09-27","https://www.larazon.es/viajes/20200925/tri7vxwkpzhxboza6afzj3i2ze.html"
"2020-09-27","https://www.larazon.es/castilla-y-leon/20200927/6zqtvamxnvgctlci6fiykygwum.html"
"2020-09-27","https://www.larazon.es/medio-ambiente/20200925/r5lo3sym5ne5ljbggqou5qlai4.html"
"2020-09-27","https://www.larazon.es/educacion/20200924/fwgh4r5qbbdt5jmorupyhuu25e.html"
"2020-09-27","https://www.larazon.es/gastronomia/20200920/yan74nehz5dmppho3li4f22lna.html"
"2020-09-27","https://www.larazon.es/opinion/20200927/v77owcb3czex3clrnrhfxzn2iy.html"
"2020-09-27","https://www.larazon.es/ciencia/20200926/t4qbi6a4efhpvepb4m466spor4.html"
"2020-09-27","https://www.larazon.es/comunidad-valenciana/20200926/y6fk33jnufglhghsc5eq3vdhnm.html"
"2020-09-27","https://www.larazon.es/esports/20200923/tfpruhamnzfwjblgaelgg2xosa.html"
"2020-09-27","https://www.larazon.es/laotraliga/20200926/mcowlgidhfevxoctybvp6tvgzu.html"
"2020-09-27","https://www.larazon.es/internacional/20200926/vwmok4rdkbeczj2k5rqjtn26ja.html"
"2020-09-27","https://www.larazon.es/economia/20200927/i6mfdn5gy5fbxmy2lufl3njbfu.html"
"2020-09-27","https://www.larazon.es/andalucia/20200919/uaol6v3mhzbkpmr3a7q6xmjcsu.html"
"2020-09-27","https://www.larazon.es/espana/20200927/adi3trgugfgivdyl7dvqjg32fe.html"
"2020-09-27","https://www.larazon.es/educacion/20200925/xia6bcos2zeormrskv6awosbwu.html"
"2020-09-27","https://www.larazon.es/comunidad-valenciana/20200927/2qmi6w5e6fb6natdlmkgskb4q4.html"
"2020-09-27","https://www.larazon.es/educacion/20200924/wt4iyuccnbgx5bjgjecmkidxr4.html"
"2020-09-27","https://www.larazon.es/opinion/20200927/a2hnl5qdrjdeznied5yn3y2n2i.html"
"2020-09-27","https://www.larazon.es/educacion/20200918/zyvljcjlbzhrbgq3lm7hg443pa.html"
"2020-09-27","https://www.larazon.es/castilla-y-leon/20200927/tmqit4ikvfbzrozz4lyui3y55y.html"
"2020-09-27","https://www.larazon.es/viajes/20200924/6sc7ohbbsbecznwmrbwz4nmuvi.html"
"2020-09-27","https://www.larazon.es/cataluna/20200927/4wvfeqbgofdaxkjfke6fnz4tju.html"
"2020-09-27","https://www.larazon.es/toros/20200914/h4byxk47qzhulfu42r2biau5xi.html"
"2020-09-27","https://www.larazon.es/viajes/20200925/hqihltm7djh2tddknkrja5ufyy.html"
"2020-09-27","https://www.larazon.es/ciencia/20200927/tos3fwwrr5cohjpx6hpuco6toe.html"
"2020-09-27","https://www.larazon.es/esports/20200922/n5oo5zp36vbnbcqv5pwsln46uy.html"
"2020-09-27","https://www.larazon.es/espana/20200927/z2i4dthkdne2rktxf6mwji6e6e.html"
"2020-09-27","https://www.larazon.es/espana/20200927/jhidf5wzuvexvnrkxqbeyqlh6u.html"
"2020-09-27","https://www.larazon.es/murcia/20200927/a73g3wlzw5h6zdrm4spedwye4y.html"
"2020-09-27","https://www.larazon.es/ciencia/20200925/gfk3erzwgnebdo5ukuxv4s7yuq.html"
"2020-09-27","https://www.larazon.es/internacional/20200927/eoc54xdtqfe57b4wyhhtbpexee.html"
"2020-09-27","https://www.larazon.es/gastronomia/20200925/bdr33dph45hxva7doro3tvq3ze.html"
"2020-09-27","https://www.larazon.es/toros/20200914/qeveqsz7mre75njqnfkf4ro7ly.html"
"2020-09-27","https://www.larazon.es/gastronomia/20200924/robexskktzdjddgr2c6qm2lf3i.html"
"2020-09-27","https://www.larazon.es/television/20200922/6elryaj5a5dfvglrc4zjx4bnum.html"
"2020-09-27","https://www.larazon.es/cultura/20200927/u7ejvpcbgjc6rjjdzz2v2ypvnu.html"
"2020-09-27","https://www.larazon.es/economia/20200908/v337262y5vhy3a63skid5hk3jm.html"
"2020-09-27","https://www.larazon.es/gente/20200927/4w35bymlrrfbxjm2yb5nv72zyi.html"
"2020-09-27","https://www.larazon.es/toros/20200911/iyprijdq7rbtjcncyskslqif7i.html"
"2020-09-27","https://www.larazon.es/gente/20200927/2s5mpslx65as3olkzwtdlhv4my.html"
"2020-09-27","https://www.larazon.es/internacional/20200926/lvpng323hfgbpnlpduk6ju74tq.html"
"2020-09-27","https://www.larazon.es/sociedad/20200927/nkfpwz7h5rdg5hjeismybbpabu.html"
"2020-09-27","https://www.larazon.es/cultura/20200927/dews3nsftjd6fkge2v7cfofz24.html"
"2020-09-27","https://www.larazon.es/cultura/20200926/oph7r5jowvf6rixtbtcvzcke6q.html"
"2020-09-27","https://www.larazon.es/espana/20200927/lrblqu2iajc2lge5blwymcqtzi.html"
"2020-09-27","https://www.larazon.es/internacional/20200926/motr7cw6mzg3rcaspyu3lkubmu.html"
"2020-09-27","https://www.larazon.es/comunidad-valenciana/20200927/sjojnlbtbfgqlluatccsvpj6jm.html"
"2020-09-27","https://www.larazon.es/cataluna/20200926/72wljrwidjfdrg6nvs2fx3qgje.html"
"2020-09-27","https://www.larazon.es/tecnologia/20200925/ig66pmysjzdujfo556dts5lfz4.html"
"2020-09-27","https://www.larazon.es/andalucia/20200927/egam3eqqjrbcbjwwxy4q7yjzs4.html"
"2020-09-27","https://www.larazon.es/medio-ambiente/20200925/w6m6zlpwrzcbrbxrdfvrtkzos4.html"
"2020-09-27","https://www.larazon.es/television/20200924/edy6xrsdh5hfrjjhulpr5q6sjq.html"
"2020-09-27","https://www.larazon.es/educacion/20200926/ecebl27s6jgjzjnqeft7wi3mh4.html"
"2020-09-27","https://www.larazon.es/economia/20200927/yv27kyxownfkrk7w5rzzxcdmcm.html"
"2020-09-27","https://www.larazon.es/internacional/20200927/kh367xva6jcwlmufcbdnwe7fo4.html"
"2020-09-27","https://www.larazon.es/gastronomia/20200923/imrpgj5eyneozl373g56qlaysy.html"
"2020-09-27","https://www.larazon.es/medio-ambiente/20200925/vegwp62f5fb7fgqm5lbe72ugdi.html"
"2020-09-27","https://www.larazon.es/opinion/20200927/gnb7bcdovjg6ncrj37j4t3ookm.html"
"2020-09-27","https://www.larazon.es/tecnologia/20200926/tv2wab43k5av7fgu3fyvv7kh7y.html"
"2020-09-27","https://www.larazon.es/internacional/20200926/tvergcra6fhwtam5gw56dblpiu.html"
"2020-09-27","https://www.larazon.es/laotraliga/20200925/p44b3u5mnrfyrh4vrwre7ygdm4.html"
"2020-09-27","https://www.larazon.es/andalucia/20200927/nnwaq43drjfazdh7e3a6ircy6a.html"
"2020-09-27","https://www.larazon.es/ciencia/20200927/33ie3agt2bebznmkxbfuw7tbmi.html"
"2020-09-27","https://www.larazon.es/television/20200923/cx3eddkkprcyxpox6thrm4jrwy.html"
"2020-09-27","https://www.larazon.es/castilla-y-leon/20200927/2zuynlttkzhljfzz47a3awkmzy.html"
"2020-09-27","https://www.larazon.es/tecnologia/20200926/iqdf75jfw5cjxcttvxxgk5u55m.html"
"2020-09-27","https://www.larazon.es/economia/20200927/qyox2blybbfw7g3rqbf4k33wdi.html"
"2020-09-27","https://www.larazon.es/esports/20200925/x3ke5vz3i5cghhr5cqhpzoqvjq.html"
"2020-09-27","https://www.larazon.es/tecnologia/20200927/6ekdv4ko65enphwaacdyopvn2i.html"
"2020-09-27","https://www.larazon.es/cataluna/20200926/6tsfbwczzjedbfsqwcz73fk6bi.html"
"2020-09-27","https://www.larazon.es/castilla-y-leon/20200927/s3k7qswwfrccjlogjmcfb6p5bi.html"
"2020-09-27","https://www.larazon.es/comunidad-valenciana/20200927/tnb2mj273jbppkuihiww3dma64.html"
"2020-09-27","https://www.larazon.es/sociedad/20200927/ea33hpstqre6lowmyw3sw5iike.html"
"2020-09-27","https://www.larazon.es/murcia/20200927/xihfuevdirfnndelrlhrbq64ea.html"
"2020-09-27","https://www.larazon.es/tecnologia/20200925/3aayqxbvqbhf5hrd47j7723cia.html"
"2020-09-27","https://www.larazon.es/espana/20200927/vux5ujijgzg53hmqn7wusstr6e.html"
"2020-09-27","https://www.larazon.es/cataluna/20200927/ulmlb7ywgfbh5d5xud4ulxrbqy.html"
"2020-09-27","https://www.larazon.es/deportes/20200927/ncfca44kjngelejmecvq5slgky.html"
"2020-09-27","https://www.larazon.es/economia/20200927/codciummg5h4bpyhebxsqxubfq.html"
"2020-09-27","https://www.larazon.es/madrid/20200921/dw5q5v2dlrcohf2xps2zwrqslq.html"
"2020-09-27","https://www.larazon.es/madrid/20200927/3ge6nugwrfdltc42znfzwifzgu.html"
"2020-09-27","https://www.larazon.es/andalucia/20200927/cpyjabrfsrdf7ou2xafvnicw7a.html"
"2020-09-27","https://www.larazon.es/espana/20200927/toldwzhklzbu3kvzuvcap6ast4.html"
"2020-09-27","https://www.larazon.es/cultura/20200927/jsztv3zyb5byth2hv7lenct4hy.html"
"2020-09-27","https://www.20minutos.es/noticia/4395865/0/madrid-pide-illa-alto-fuego-politico-ciudadanos-merecen-estemos-altura/"
"2020-09-27","https://www.20minutos.es/noticia/4393682/0/ultimas-noticias-restriciones-madrid-por-la-covid-19/"
"2020-09-27","https://www.20minutos.es/noticia/4395732/0/ayuso-aceptaria-cerrar-madrid-mismo-criterio-espana-pcr-barajas-ave-renfe/"
"2020-09-27","https://www.20minutos.es/noticia/4395560/0/recomendaciones-sanidad-afecta-madrid-valencia-navarra-palencia-crisis-coronavirus-confinamiento/"
"2020-09-27","https://www.20minutos.es/noticia/4395580/0/comunidad-madrid-multas-incumplimiento-cuarentena-restricciones-movilidad/"
"2020-09-27","https://www.20minutos.es/noticia/4395931/0/gobierno-presiona-pp-renovar-poder-judicial-otros-organos/"
"2020-09-27","https://www.20minutos.es/noticia/4395600/0/fernando-simon-politicos-oposicion-dicho-privado/"
"2020-09-27","https://www.20minutos.es/deportes/noticia/4395880/0/accidente-f2-rusia-aitken-ghiotto/"
"2020-09-27","https://www.20minutos.es/noticia/4395546/0/investigadores-espanoles-descubren-un-farmaco-que-reduce-drasticamente-la-mortalidad-por-covid-19/"
"2020-09-27","https://www.20minutos.es/noticia/4395651/0/dolores-delgado-baltasar-garzon-relacion-pareja/"
"2020-09-27","https://www.20minutos.es/deportes/noticia/4395971/0/lewis-hamilton-record-michael-schumacher-gp-rusia/"
"2020-09-27","https://www.20minutos.es/noticia/4395715/0/usuaria-metro-madrid-positivo-semana-pasada-linea-1/"
"2020-09-27","https://www.20minutos.es/noticia/4394955/0/google-maps-lugares-mayor-incidencia-covid/"
"2020-09-27","https://www.20minutos.es/noticia/4394750/0/factores-predicen-exito-relacion-pareja/"
"2020-09-27","https://www.20minutos.es/noticia/4394672/0/cancer-pulmon-curable-tumor-letal/"
"2020-09-27","https://www.20minutos.es/noticia/4395751/0/efren-reyero-sabado-deluxe-marta-lopez-enamorado/"
"2020-09-27","https://www.20minutos.es/noticia/4394811/0/mercadona-busca-personal-supermercado-sueldos-euros-mes/"
"2020-09-27","https://www.20minutos.es/noticia/4395727/0/muere-juan-ramon-artero-chicho-mojinos-escozios/"
"2020-09-27","https://www.20minutos.es/noticia/4395661/0/las-pruebas-de-la-virologa-china-que-asegura-que-la-covid-19-fue-creada-en-un-laboratorio-no-tienen-evidencia-cientifica/"
"2020-09-27","https://www.20minutos.es/noticia/4395693/0/repartidor-pizza-recibe-propina-fans-tiktok/"
"2020-09-27","https://www.20minutos.es/noticia/4395919/0/david-bustamante-muerte-fan-marijo/"
"2020-09-27","https://www.20minutos.es/noticia/4395297/0/desbloquear-juego-oculto-gatos-android/"
"2020-09-27","https://www.20minutos.es/noticia/4393234/0/cinco-sintomas-comunes-pacientes-leves-covid/"
"2020-09-27","https://www.20minutos.es/noticia/4395012/0/acertante-espana-gana-bote-euromillones/"
"2020-09-27","https://www.20minutos.es/gonzoo/noticia/4395027/0/video-unica-prueba-conocida-canon-nuclear-restaurado-4k/"
"2020-09-27","https://www.20minutos.es/noticia/4395839/0/mascarillas-seda-protegen-covid-algodon-materiales-sinteticos/"
"2020-09-27","https://www.20minutos.es/gonzoo/noticia/4395208/0/perrita-parachoques-ambulancia-acompanar-dueno-hospital/"
"2020-09-27","https://www.20minutos.es/noticia/4394906/0/suecia-no-sufre-segunda-ola-coronavirus/"
"2020-09-27","https://www.20minutos.es/noticia/4395853/0/pedro-cavadas-fernando-simon-control-pandemia-coronavirus-espana/"
"2020-09-27","https://www.20minutos.es/noticia/4395721/0/localizada-rocio-gea-mujer-desaparecida-requena/"
"2020-09-27","https://www.20minutos.es/noticia/4395571/0/pareja-cientificos-criogeniza-hija-dos-anos-vuelva-vivir-futuro/"
"2020-09-27","https://www.20minutos.es/noticia/4395708/0/isabel-pantoja-toque-atencion-idol-kids/"
"2020-09-27","https://www.20minutos.es/noticia/4395807/0/muere-nino-ameba-comecerebros-beber-agua-potable/"
"2020-09-27","https://www.20minutos.es/noticia/4395697/0/comprobar-sueldazo-once-resultados-de-hoy-sabado-26-de-septiembre-de-2020/"
"2020-09-27","https://www.20minutos.es/noticia/4395723/0/primitiva-sabado-acertantes-bote/"
"2020-09-27","https://www.20minutos.es/noticia/4395415/0/elizabeth-hurley-feliz-tras-ganar-la-batalla-por-la-herencia-de-sus-hijos/"
"2020-09-27","https://www.20minutos.es/noticia/4395883/0/casas-colgadas-cuenca-remodeladas-dentro-completo/"
"2020-09-27","https://www.20minutos.es/deportes/noticia/4395827/0/fia-normativa-podio-hamilton-camiseta-breonna-taylor/"
"2020-09-27","https://www.20minutos.es/deportes/noticia/4395688/0/gorras-independentistas-estelada-gp-cataluna-motociclismo/"
"2020-09-27","https://www.20minutos.es/deportes/noticia/4395954/0/lebron-james-kobe-bryant-finales-nba-los-angeles-lakers-denver-nuggets/"
"2020-09-27","https://www.20minutos.es/deportes/noticia/4395312/0/nino-invidente-alucina-con-messi-pero-prefiere-a-joaquin/"
"2020-09-27","https://www.20minutos.es/motor/noticia/4393783/0/tienes-que-conducir-de-noche-sigue-estos-consejos-de-la-dgt-para-hacerlo-con-seguridad/"
"2020-09-27","https://www.20minutos.es/motor/noticia/4393717/0/los-retos-del-otono-a-la-conduccion-y-los-consejos-para-superarlos/"
"2020-09-27","https://www.20minutos.es/motor/noticia/4393703/0/se-pueden-solicitar-las-ayudas-para-la-compra-de-un-coche-de-ocasion/"
"2020-09-27","https://www.20minutos.es/noticia/4394586/0/asi-puedes-desaparecer-de-un-grupo-de-whatsapp-sin-que-nadie-se-de-cuenta/"
"2020-09-27","https://www.20minutos.es/noticia/4395494/0/analisis-del-samsung-galaxy-z-flip-el-movil-plegable-como-sugerente-capricho/"
"2020-09-27","https://www.20minutos.es/noticia/4394552/0/deliveroo-lanza-una-nueva-funcion-de-pedidos-en-grupo-en-toda-espana/"
"2020-09-27","https://www.20minutos.es/noticia/4394189/0/asi-puedes-crear-a-tu-propio-presentador-virtual-que-leera-lo-que-tu-escribas-gracias-a-la-inteligencia-artificial/"
"2020-09-27","https://www.20minutos.es/noticia/4395810/0/capacidad-funcional-personas-mayores-personas-edad-anos/"
"2020-09-27","https://www.20minutos.es/noticia/4390979/0/primeros-auxilios-como-asistir-a-una-persona-a-la-que-le-cuesta-respirar/"
"2020-09-27","https://www.20minutos.es/noticia/4387453/0/como-hablar-de-pornografia-con-nuestros-hijos-no-estigmatizar-el-tema-para-generar-el-dialogo-y-la-confianza/"
"2020-09-27","https://www.20minutos.es/noticia/4393285/0/cuanto-cuesta-ohra-psicologo-espana/"
"2020-09-27","https://www.20minutos.es/noticia/4394083/0/cuchilla-o-maquinilla-dos-modelos-de-amazon-para-descubrir-cual-nos-conviene-para-lograr-un-buen-afeitado/"
"2020-09-27","https://www.20minutos.es/noticia/4393955/0/para-que-sirve-una-estacion-meteorologica-y-por-que-deberias-tener-esta-de-amazon-por-menos-de-25-euros/"
"2020-09-27","https://www.20minutos.es/deportes/noticia/4392734/0/tres-accesorios-a-la-venta-en-amazon-para-potenciar-nuestra-rutina-de-gluteos-y-alcanzar-nuestros-objetivos/"
"2020-09-27","https://www.20minutos.es/noticia/4392987/0/dinos-como-duermes-y-te-diremos-si-debes-apostar-por-la-manta-o-el-nordico-mas-vendidos-de-amazon/"
"2020-09-27","https://www.20minutos.es/noticia/4395876/0/guardia-civil-repele-tiros-ataque-hombre-armado-cuchillos/"
"2020-09-27","https://www.20minutos.es/noticia/4395808/0/placido-domingo-asegura-nunca-abusado-nadie-equivoque-guardar-silencio/"
"2020-09-27","https://www.20minutos.es/noticia/4395825/0/muere-jesus-mota-periodista-pais-exdirector-cinco-dias/"
"2020-09-27","https://www.20minutos.es/noticia/4395905/0/carmen-lomana-acusa-gobierno-cargarse-comunidad-madrid-anima-calle/"
"2020-09-27","https://www.20minutos.es/noticia/4392901/0/5-000-y-una-razones-para-presentarse-a-los-premios-20blogs/"
"2020-09-27","https://www.20minutos.es/noticia/4395574/0/pp-norma-expres-okupas-expulsion-dos-dias/"
"2020-09-27","https://www.20minutos.es/noticia/4395703/0/cristina-menendez-numero-uno-promocion-jueces-poder-judicial/"
"2020-09-27","https://www.20minutos.es/noticia/4395418/0/espana-anos-fondos-recuperacion-ue-crisis-coronavirus/"
"2020-09-27","https://www.20minutos.es/noticia/4395274/0/podemos-preve-presupuestos-bloque-investidura-rechaza-ciudadanos/"
"2020-09-27","https://www.20minutos.es/noticia/4392258/0/lista-clasicos-reggaeton/"
"2020-09-27","https://www.20minutos.es/noticia/4395848/0/pp-vox-cuentas-gobierno-congreso-veto-rey-acto-judicial-barcelona/"
"2020-09-27","https://www.20minutos.es/noticia/4394383/0/plantas-pertenecientes-familia-gramineas/"
"2020-09-27","https://www.20minutos.es/noticia/4395857/0/desarticulado-grupo-gano-euros-manipulando-ruletas-electronicas-localidades/"
"2020-09-27","https://www.20minutos.es/noticia/4390678/0/lista-razas-perro-desconocidas/"
"2020-09-27","https://www.20minutos.es/noticia/4395835/0/escala-tension-portland-marcha-supremacistas-blancos/"
"2020-09-27","https://www.20minutos.es/noticia/4395628/0/peru-sin-conseguir-reducir-embarazos-adolescentes/"
"2020-09-27","https://www.20minutos.es/noticia/4395868/0/judios-celebran-yom-kipur-dia-mas-sagrado/"
"2020-09-27","https://www.20minutos.es/noticia/4395608/0/nueva-york-confinar-barrios-judios-ultraortodoxos/"
"2020-09-27","https://www.publico.es/sociedad/memoria-historica-45-anos-ultimos-fusilamientos-franquismo-ultimos-coletazos-duros-regimen.html"
"2020-09-27","https://www.publico.es/entrevistas/aizpurua-vale-gobierno-derogue-aspectos.html"
"2020-09-27","https://www.publico.es/internacional/david-hume-racismo-filosofo-david-hume-abre-debate-cancelacion-universidad-edimburgo.html"
"2020-09-27","https://www.publico.es/tremending/2020/09/26/machismo-estafa-y-fraude-laboral-todo-de-golpe-la-falsa-oferta-de-trabajo-de-camarera-que-esconde-condiciones-denigrantes/"
"2020-09-27","https://www.publico.es/publico-tv/publico-al-dia/programa/900965/vivas-nos-queremos--manual-de-autodefensa-capitulo-3-tu-cuerpo-es-un-arma"
"2020-09-27","https://www.publico.es/sociedad/coronavirus-madrid-aguado-habla-illa-darias-continuar-reuniones-urge-alto-fuego-politico.html"
"2020-09-27","https://www.publico.es/internacional/japon-reciclaje-empresas-japonesas-conforman-alianza-reciclar-residuos-plasticos-oceanos.html"
"2020-09-27","https://www.publico.es/politica/incluimos-memoria-curriculum-educativo-estaremos-formando-alumnado-facilmente-manipulable.html"
"2020-09-27","https://www.publico.es/politica/psoe-y-bloque-investidura-reclaman-derecha-renovacion-del-cgpj-y-otros-organos-pendientes.html"
"2020-09-27","https://www.publico.es/entrevistas/entrevista-secretaria-agenda-2030-ione-belarra-presupuestos-llevaran-final-acuerdo-coalicion-pondra-dificil-aprobacion-cs.html"
"2020-09-27","https://www.publico.es/ahorro-consumo-responsable/?p=3415"
"2020-09-27","https://www.publico.es/tremending/2020/09/27/twitter-los-mejores-tuits-del-reencuentro-de-bertin-y-rivera-han-reventado-las-cloacas-por-acumulacion-de-cunadez/"
"2020-09-27","https://www.publico.es/sociedad/libertad-prensa-mexico-cuarto-son-carteles.html"
"2020-09-27","https://www.publico.es/tremending/2020/09/26/twitter-tendreis-que-hacer-algo-mas-que-ladrar-el-zasca-de-pisarello-al-tuit-xenofobo-de-vox-sobre-su-nacionalidad-argentina/"
"2020-09-27","https://www.publico.es/sociedad/okupa-cara-vida-okupa-quiero-pagar-alquiler-pienso-mis-hijos.html"
"2020-09-27","https://www.publico.es/public/desobediencia-coses-simboliques-no-gaire-sentit-per-garantir-drets.html"
"2020-09-27","https://www.publico.es/politica/enfrentamiento-gobierno-comunidad-madrid-gobierno-plantea-intervenir-sanidad-madrid-48-horas-ayuso-no-rectifica.html"
"2020-09-27","https://www.publico.es/politica/derecho-salud-incompatible-derecho-protesta-consejos-manifestarse-menor-riesgo-posible.html"
"2020-09-27","https://www.publico.es/economia/banco-santander-crea-green-team-fortalecer-compromisos-finanzas-sostenibles-banca-responsable.html"
"2020-09-27","https://www.publico.es/economia/dudas-teletrabajo-deben-pagarme-conexion-internet-negarme-casa-dudas-nueva-ley-teletrabajo.html"
"2020-09-27","https://www.publico.es/entrevistas/aizpurua-vale-gobierno-derogue-aspectos.html"
"2020-09-27","https://www.publico.es/tremending/2020/09/26/twitter-la-diferencia-entre-hacer-fotos-y-ser-un-fotografo-cuatro-imagenes-espectaculares-en-la-casa-blanca-que-han-dado-la-vuelta-al-mundo/"
"2020-09-27","https://www.publico.es/entrevistas/drogas-eta-pp-vale-regalo.html"
"2020-09-27","https://www.publico.es/culturas/censored-lleida-estrena-exposicion-censored-coleccion-arte-defender-libertad-expresion.html"
"2020-09-27","https://www.publico.es/internacional/armenia-azerbaiyan-armenia-decreta-ley-marcial-movilizacion-general-choques-azerbaiyan.html"
"2020-09-27","https://www.publico.es/sociedad/mascarillas-mascara-mascarilla-fetichismo-sexo-insurgencia-moda-espanolismo.html"
"2020-09-27","https://www.publico.es/videos/901511/las-residencias-de-mayores-vuelven-a-ser-el-centro-de-la-pandemia"
"2020-09-27","https://www.publico.es/politica/direccion-pp-fernandez-diaz-ayuso-alvarez-toledo-erguido-nombres-escuecen-genova.html"
"2020-09-27","https://www.publico.es/internacional/suiza-decide-este-domingo-urnas-mantiene-o-elimina-libre-circulacion-personas-union-europea.html"
"2020-09-27","https://www.publico.es/politica/ministerio-iglesias-lanza-plan-choque-dependencia-600-millones-euros.html"
"2020-09-27","https://www.publico.es/sociedad/monarquia-republica-modelo-cuesta-ciudadania.html"
"2020-09-27","https://www.publico.es/sociedad/radiografia-covid-19-poligono-sur-vecinos-tres-mil-viviendas-autoconfinan-fuertes-rebrotes-asolan-barrio-pobre-espana.html"
"2020-09-27","https://www.publico.es/internacional/charlie-hebdo-gobierno-frances-considera-ataque-frente-antigua-sede-charlie-hebdo-ataque-islamista.html"
"2020-09-27","https://www.publico.es/internacional/trump-acerca-al-voto-cristiano-designacion-amy-coney-barrett-supremo-favor-restringir-aborto.html"
"2020-09-27","https://www.publico.es/sociedad/alcoa-industria-gallega-nacio-franquismo-derrumba.html"
"2020-09-27","https://www.publico.es/entrevistas/veronica-forque-he-sido-mujer-sometida-no-consciente-me-muero.html"
"2020-09-27","https://www.publico.es/internacional/accidente-ucrania-mueren-26-personas-accidente-avion-militar-ucrania.html"
"2020-09-27","https://www.publico.es/economia/dudas-teletrabajo-deben-pagarme-conexion-internet-negarme-casa-dudas-nueva-ley-teletrabajo.html"
"2020-09-27","https://www.publico.es/entrevistas/segregar-menores-necesidades-especiales-condenarlos-muerte-educativa-social.html"
"2020-09-27","https://www.publico.es/internacional/eeuu-guerra-yemen-eeuu-expone-crimenes-guerra-apoyo-arabia-saudi-guerra-yemen.html"
"2020-09-27","https://www.publico.es/politica/derecho-salud-incompatible-derecho-protesta-consejos-manifestarse-menor-riesgo-posible.html"
"2020-09-27","https://www.publico.es/sociedad/crisis-climatica-distopia-utopia-sortear-catastrofismo-climatico.html"
"2020-09-27","https://www.publico.es/politica/nueva-ley-memoria-asedia-legado-general-golpista-queipo-llano.html"
"2020-09-27","https://www.publico.es/internacional/explotacion-africa-alemania-congo-nuevo-imperialismo-energetico-europeo.html"
"2020-09-27","https://www.publico.es/tremending/2020/09/26/twitter-es-el-hazmerreir-de-europa-el-financial-times-destroza-a-ayuso-en-un-analisis-sobre-su-gestion-de-la-pandemia/"
"2020-09-27","https://www.publico.es/publico-tv/publico-al-dia/programa/900968/agredida-e-insultada-en-francia-por-llevar-falda"
"2020-09-27","https://www.publico.es/politica/enfrentamiento-gobierno-comunidad-madrid-gobierno-plantea-intervenir-sanidad-madrid-48-horas-ayuso-no-rectifica.html"
"2020-09-27","https://www.publico.es/photonews/observatorio-atacama-chile-contaminacion-luminica-proteger-observatorio-astronomico-atacama.html"
"2020-09-27","https://www.publico.es/culturas/sontag-diva-confundida.html"
"2020-09-27","https://www.publico.es/tremending/2020/09/27/twitter-solo-queda-pensar-que-la-situacion-en-madrid-es-muy-grave-un-tuit-del-hundimiento-del-titanic-de-la-exdirectora-de-salud-destapa-la-caja-de-los-truenos/"
"2020-09-27","https://www.publico.es/tremending/2020/09/26/twitter-es-el-mas-listo-que-encontraron-para-ser-secretario-del-pp-las-redes-no-dan-credito-a-la-ultima-reflexion-de-egea/"
"2020-09-27","https://www.elmundo.es/ciencia-y-salud/ciencia/2020/09/27/5f6e45c6fc6c83ef2f8b45b8.html"
"2020-09-27","https://www.elmundo.es/loc/celebrities/2020/09/26/5f6ca851fc6c83875f8b45ab.html"
"2020-09-27","https://www.elmundo.es/deportes/futbol/primera-division/2020/09/26/5f6fb195fc6c83d57e8b45f1.html"
"2020-09-27","https://www.elmundo.es/deportes/futbol/primera-division/2020/09/26/5f6e1b1efc6c83691b8b4600.html"
"2020-09-27","https://www.elmundo.es/opinion/columnistas/2020/09/26/5f6f9958fc6c83d9518b45eb.html"
"2020-09-27","https://www.elmundo.es/cataluna/2020/09/27/5f6f752621efa047018b4648.html"
"2020-09-27","https://www.elmundo.es/opinion/columnistas/2020/09/26/5f6f17abfdddff29ba8b45a2.html"
"2020-09-27","https://www.elmundo.es/deportes/tenis/2020/09/27/5f6f8568fdddff9ab98b45ae.html"
"2020-09-27","https://www.elmundo.es/opinion/columnistas/2020/09/27/5f6f94acfc6c83e4328b4614.html"
"2020-09-27","https://www.elmundo.es/tecnologia/gadgets/2020/09/27/5f6b0828fc6c83a6648b4572.html"
"2020-09-27","https://www.elmundo.es/espana/2020/09/26/5f6f0ea3fc6c833b1d8b45a6.html"
"2020-09-27","https://www.elmundo.es/ofertas-regalos/2020/09/27/5f6daf8321efa079078b4628.html?follow=1"
"2020-09-27","https://www.elmundo.es/espana/2020/09/27/5f6f48f6fdddff826a8b45db.html"
"2020-09-27","https://www.elmundo.es/ciencia-y-salud/salud/2020/09/27/5f703184fc6c83a45b8b45d5.html"
"2020-09-27","https://www.elmundo.es/deportes/motociclismo/2020/09/26/5f6f5cdbfdddff29ba8b45c2.html"
"2020-09-27","https://www.elmundo.es/deportes/mas-deporte/2020/09/26/5f6f69e721efa05e728b45b1.html"
"2020-09-27","https://www.elmundo.es/madrid/2020/09/27/5f6f21b2fc6c8345638b45cf.html"
"2020-09-27","https://www.elmundo.es/metropoli/otros-planes/2020/09/26/5f6c83a4fdddff7a1f8b467d.html"
"2020-09-27","https://www.elmundo.es/album/metropoli/otros-planes/2020/09/26/5f6db55421efa06d368b45c8.html"
"2020-09-27","https://www.elmundo.es/internacional/2020/09/26/5f6f843bfc6c83a01d8b4617.html"
"2020-09-27","https://www.elmundo.es/espana/2020/09/26/5f6f8bfafdddffa5b88b45ac.html"
"2020-09-27","https://www.elmundo.es/economia/actualidad-economica/2020/09/26/5f6cbe80fc6c83c2498b45a9.html"
"2020-09-27","https://www.elmundo.es/cronica/2020/09/26/5f6f3bfe21efa0e96b8b4643.html"
"2020-09-27","https://www.elmundo.es/opinion/columnistas/2020/09/27/5f6f7e2afc6c83f5318b4644.html"
"2020-09-27","https://www.elmundo.es/ciencia-y-salud/salud/2020/09/27/5f6e3e83fdddffe0b98b4576.html"
"2020-09-27","https://www.elmundo.es/deportes/futbol/primera-division/2020/09/27/5f6f66fbfdddffc8b68b4598.html"
"2020-09-27","https://www.elmundo.es/f5/descubre/2020/09/27/5f7054d9fc6c83b5628b45d9.html"
"2020-09-27","https://www.elmundo.es/madrid/2020/09/27/5f705476fdddff2eb78b45e6.html"
"2020-09-27","https://www.elmundo.es/eventos/en-directo/2020/09/27/87853-mundial-de-ruta-masculino-en-directo/"
"2020-09-27","https://www.elmundo.es/economia/actualidad-economica/2020/09/27/5f6e3daa21efa0b2588b4581.html"
"2020-09-27","https://www.elmundo.es/deportes/futbol/primera-division/2020/09/26/5f6fb03afdddffc1b68b45e9.html"
"2020-09-27","https://www.elmundo.es/opinion/2020/09/26/5f6f83c6fdddff29ba8b45dd.html"
"2020-09-27","https://www.elmundo.es/espana/2020/09/27/5f6e2314fc6c8332178b4595.html"
"2020-09-27","https://www.elmundo.es/internacional/2020/09/27/5f6f275afdddff16b78b45a7.html"
"2020-09-27","https://www.elmundo.es/deportes/baloncesto/nba/2020/09/27/5f70245621efa0b3428b461f.html"
"2020-09-27","https://www.elmundo.es/deportes/tenis/2020/09/27/5f6f96bcfdddff2eb78b45d8.html"
"2020-09-27","https://www.elmundo.es/deportes/ciclismo/2020/09/26/5f6f5fbcfc6c83d9518b45d1.html"
"2020-09-27","https://www.elmundo.es/deportes/futbol/primera-division/2020/09/27/5f6fc08121efa078168b45cd.html"
"2020-09-27","https://www.elmundo.es/loc/famosos/2020/09/27/5f6c8552fc6c83347b8b460e.html"
"2020-09-27","https://www.elmundo.es/internacional/2020/09/27/5f6f1d54fdddff22508b45cb.html"
"2020-09-27","https://www.elmundo.es/opinion/2020/09/27/5f6f763dfdddffc8b68b45a8.html"
"2020-09-27","https://www.abc.es/espana/puigdemont-waterloo/"
"2020-09-27","https://www.abc.es/economia/abci-muchas-empresas-caido-y-muchas-caer-202009262056_noticia.html"
"2020-09-27","https://www.abc.es/sociedad/abci-ultimatum-gobierno-ayuso-para-revise-medidas-o-intervendra-madrid-202009262153_noticia.html"
"2020-09-27","https://www.abc.es/sociedad/abci-coronavirus-sanitarios-espanoles-exilio-habria-gustado-ayudar-emergencia-202009262212_noticia.html"
"2020-09-27","https://www.abc.es/sociedad/abci-coronavirus-espana-directo-eeuu-supera-204000-muertos-y-7-millones-casos-covid-19-202009270607_directo.html"
"2020-09-27","https://www.abc.es/espana/madrid/abci-parque-roma-amanece-53000-banderas-espana-homenaje-victimas-covid-19-202009271138_noticia.html"
"2020-09-27","https://www.abc.es/sociedad/abci-alargada-sombra-negacionismo-historia-interminable-lucha-contra-razon-y-ciencia-202009270153_noticia.html"
"2020-09-27","https://www.abc.es/espana/casa-real/abci-solo-ante-separatismo-202009262033_noticia.html"
"2020-09-27","https://www.abc.es/espana/abci-psoe-firma-junto-independentistas-escrito-contra-pp-exigiendo-renovacion-cgpj-202009271150_noticia.html"
"2020-09-27","https://www.abc.es/espana/abci-maria-san-sanchez-plegara-bildu-quiera-pero-ademas-esta-comodo-202009270224_noticia.html"
"2020-09-27","https://www.abc.es/internacional/abci-coney-barrett-juez-perfil-netamente-conservador-202009262025_noticia.html"
"2020-09-27","https://www.abc.es/internacional/elecciones-eeuu/abci-millones-y-millonarios-sobre-flota-campana-biden-202009270205_noticia.html"
"2020-09-27","https://www.abc.es/espana/abci-maduro-debe-bendecir-nuevo-embajador-caracas-aunque-espana-reconocio-guaido-202009270224_noticia.html"
"2020-09-27","https://www.abc.es/deportes/futbol/liga-primera-division-videos/abci-betis-real-madrid-liga-santander-202009262024_directo.html"
"2020-09-27","https://www.abc.es/opinion/abci-jaime-bayly-nuestra-amistad-terminado-202009270059_noticia.html"
"2020-09-27","https://www.abc.es/sociedad/abci-muere-bebe-prematura-confundir-suero-alimenticio-anestesico-hospital-san-sebastian-202009271023_noticia.html"
"2020-09-27","https://www.abc.es/cultura/abci-espana-vaciada-estaba-llena-palabras-perdidas-202009270126_noticia.html"
"2020-09-27","https://www.abc.es/cultura/abci-infierno-vietnam-primera-persona-202009270127_noticia.html"
"2020-09-27","https://www.abc.es/play/cine/noticias/abci-fernando-trueba-clausura-san-sebastian-siempre-haber-gente-niegue-dicten-hacer-202009262006_noticia.html"
"2020-09-27","https://www.abc.es/historia/abci-secretos-fortaleza-jaca-historia-pentagono-espanol-202001300148_noticia.html"
"2020-09-27","https://www.abc.es/play/cine/noticias/abci-verdadero-final-pretty-woman-julia-roberts-no-quiso-grabar-202009022002_noticia.html"
"2020-09-27","https://www.abc.es/motor/consejos/abci-avisa-multas-fantasma-202009270139_noticia.html"
"2020-09-27","https://www.abc.es/estilo/gente/abci-luis-fonsi-todas-mujeres-perfectas-cada-manera-202009271157_noticia.html"
"2020-09-27","https://www.abc.es/summum/motor/abci-futbol-motor-coches-lujo-401274372465-20200927034016_galeria.html"
"2020-09-27","https://www.abc.es/viajar/noticias/abci-mundial-turismo-cofundador-lonely-planet-abc-mundo-sufria-obesidad-turistica-antes-covid-19-202009270144_noticia.html"
"2020-09-27","https://www.abc.es/historia/abci-diez-desconocidas-superarmas-nazis-podrian-haber-dado-victoria-hitler-segunda-guerra-mundial-202009240055_noticia.html"
"2020-09-27","https://www.abc.es/ciencia/abci-cura-y-anestesista-extrana-pareja-contuvo-posible-pandemia-202009270152_noticia.html"
"2020-09-27","https://www.abc.es/play/cine/noticias/abci-ritos-sexuales-y-adiccion-drogas-terrible-infancia-river-phoenix-201810310809_noticia.html"
"2020-09-27","https://www.abc.es/familia/vida-sana/abci-recomendaciones-familias-no-llevan-hijos-comedores-escolares-202009270146_noticia.html"
"2020-09-27","https://www.abc.es/archivo/abci-madrid-finales-siglo-401260537743-20200927012557_galeria.html"
"2020-09-27","https://www.abc.es/tecnologia/informatica/hardware/abci-hallan-manual-desaparecido-ordenador-mas-antiguo-conserva-202009270151_noticia.html"
"2020-09-27","https://www.abc.es/play/series/noticias/abci-patria-mismo-fondo-mejor-forma-202009270124_noticia.html"
"2020-09-27","https://www.abc.es/bienestar/alimentacion/abci-vende-ayuno-intermitente-como-pildora-magica-para-cualquier-problema-202009270337_noticia.html"
"2020-09-27","https://www.abc.es/bienestar/alimentacion/abci-beneficios-comer-membrillo-mas-alla-postre-202009270337_noticia.html"
"2020-09-27","https://www.abc.es/bienestar/psicologia-sexo/meditacion/abci-meditacion-guiada-como-pensar-positivo-pesar-rodea-202009270337_noticia.html"
"2020-09-27","https://www.abc.es/bienestar/fitness/entrenamiento-ejercicios/abci-secreto-calistenia-o-como-usar-peso-corporal-para-ponerte-forma-202009260321_noticia.html"
"2020-09-27","https://www.abc.es/sociedad/abci-quieren-tramitar-eutanasia-deprisa-y-corriendo-medio-desconfianza-y-miedo-pandemia-202009270154_noticia.html"
"2020-09-27","https://www.abc.es/internacional/abci-falso-fraude-denunciara-izquierda-boliviana-202009270207_noticia.html"
"2020-09-27","https://www.abc.es/deportes/motos/abci-cuelan-banderas-independentistas-gorras-oficiales-cataluna-202009261656_noticia.html"
"2020-09-27","https://www.abc.es/economia/abci-nuestra-llegada-sevilla-requiere-tiempo-y-no-sera-2021-202009270201_noticia.html"
"2020-09-27","https://www.abc.es/cultura/musica/abci-muere-guitarra-y-miembro-fundador-mojinos-escozios-juan-ramon-artero-202009262335_noticia.html"
"2020-09-27","https://www.abc.es/deportes/real-madrid/abci-pellegrini-esto-luchar-contra-real-madrid-contra-y-contra-arbitros-202009262354_noticia.html"
"2020-09-27","https://www.abc.es/espana/comunidad-valenciana/abci-letalidad-coronavirus-predijo-pedro-cavadas-suma-millon-muertos-202009271105_noticia.html"
"2020-09-27","https://www.abc.es/cultura/cultural/abci-alain-finkielkraut-no-creo-muerte-intelectual-202009270127_noticia.html"
"2020-09-27","https://www.abc.es/cultura/cultural/abci-eric-vuillard-historia-interesa-porque-permite-mirar-presente-202009270129_noticia.html"
"2020-09-27","https://www.abc.es/cultura/cultural/abci-hercules-poirot-cumple-cien-anos-202009270130_noticia.html"
"2020-09-27","https://www.abc.es/cultura/cultural/abci-podemos-esperar-patria-202009270130_noticia.html"
"2020-09-27","https://www.abc.es/espana/madrid/abci-plantilla-funeraria-madrid-hara-huelga-martes-202009270104_noticia.html"
"2020-09-27","https://www.abc.es/espana/madrid/abci-santa-teresa-benedicta-cruz-parroquia-tiempos-pandemia-202009270104_noticia.html"
"2020-09-27","https://www.abc.es/espana/madrid/abci-covid-madrid-aguado-llama-illa-y-pide-alto-fuego-politico-202009271110_noticia.html"
"2020-09-27","https://www.abc.es/espana/madrid/abci-parque-roma-amanece-53000-banderas-espana-homenaje-victimas-covid-19-202009271138_noticia.html"
"2020-09-27","https://www.abc.es/espana/abci-vivas-entrega-despachos-nuevos-jueces-202009251340_video.html"
"2020-09-27","https://www.abc.es/bienestar/fitness/entrenamiento-ejercicios/abci-piernas-firmes-ejercicios-para-endurecer-muslos-gemelas-202009230212_video.html"
"2020-09-27","https://www.abc.es/bienestar/alimentacion/recetas-saludables/abci-pasta-hecha-legumbres-otra-forma-comer-lentejas-202009250311_video.html"
"2020-09-27","https://www.abc.es/espana/madrid/abci-video-vias-y-pasillos-metro-madrid-convertidos-enorme-piscina-202009241004_video.html"
"2020-09-27","https://www.abc.es/salud/enfermedades/abci-atlas-mas-completo-corazon-humano-desvela-datos-mas-ocultos-este-organo-202009241841_noticia.html"
"2020-09-27","https://www.abc.es/noticias/abci-estudio-confirma-tasa-letalidad-covid-19-mayor-entre-hombres-202009251346_noticia.html"
"2020-09-27","https://www.abc.es/salud/enfermedades/abci-estas-secuelas-covid-19-pulmon-202009241437_noticia.html"
"2020-09-27","https://www.abc.es/salud/enfermedades/abci-coronavirus-gripes-catarros-como-aumentar-defensas-naturales-este-otono-202009230108_noticia.html"
"2020-09-27","https://www.abc.es/play/cine/noticias/abci-tortura-woody-allen-elena-anaya-eres-peor-actriz-historia-202009250954_noticia.html"
"2020-09-27","https://www.abc.es/play/television/noticias/abci-monumental-enfado-risto-mejide-gobierno-verguenza-ajena-202009241312_noticia.html"
"2020-09-27","https://www.abc.es/play/television/noticias/abci-isla-tentaciones-huracan-marta-y-bombera-piromana-arrasan-isla-tentaciones-202009240228_noticia.html"
"2020-09-27","https://www.abc.es/play/television/noticias/abci-emma-garcia-presentadora-severa-desvelar-anecdotas-sexuales-plato-202009240042_noticia.html"
"2020-09-27","https://www.abc.es/archivo/abci-mujeres-armas-tomar-guerra-401276187772-20200926005309_galeria.html"
"2020-09-27","https://www.abc.es/motor/abci-fotogaleria-volkswagen-cabrio-line-401275679647-20200925110953_galeria.html"
"2020-09-27","https://www.abc.es/motor/abci-fotogaleria-ford-puma-linex-401275521033-20200925133714_galeria.html"
"2020-09-27","https://www.abc.es/cultura/toros/abci-estos-carteles-gira-reconstruccion-tauromaquia-202009231147_noticia.html"
"2020-09-27","https://www.abc.es/cultura/toros/abci-tato-torero-quiso-torear-pierna-amputada-202009230040_noticia.html"
"2020-09-27","https://www.abc.es/cultura/toros/abci-jose-maria-lopez-ganadero-nuestros-animales-mueren-hambre-202009221145_noticia.html"
"2020-09-27","https://www.abc.es/cultura/toros/abci-hartazgo-toreritos-miedositos-y-empalagositos-segun-corrochano-202009220042_noticia.html"
"2020-09-27","https://www.abc.es/archivo/abci-hombre-perdio-todo-evitar-hecatombe-nuclear-202009250059_noticia.html"
"2020-09-27","https://www.abc.es/archivo/abci-recuerdos-superviviente-paracuellos-muchos-fueron-seleccionados-para-morir-catolicos-202009240046_noticia.html"
"2020-09-27","https://www.abc.es/archivo/abci-confesiones-asesino-sissi-carcel-202009220034_noticia.html"
"2020-09-27","https://www.abc.es/archivo/abci-cruz-valle-caidos-pesadilla-para-franco-202009210059_noticia.html"
"2020-09-27","https://www.abc.es/voz/podcast/materia-oscura/descubren-una-sexta-extincion-masiva-202009231808-4_485_audio.html"
"2020-09-27","https://www.abc.es/voz/podcast/bienestar/abecedario-del-bienestar-con-la-c-de-comer-con-el-nutricionista-y-padre-del-realfooding-carlos-rios-202009151632-9_156_audio.html"
"2020-09-27","https://www.abc.es/voz/podcast/estamos-en-la-historia/los-secretos-de-la-dieta-que-hizo-de-los-gladiadores-unos-guerreros-letales-201910211400-5_38_audio.html"
"2020-09-27","https://www.abc.es/familia/mujeres/abci-mitad-mundo-episodio-3-mar-tras-cortina-201811071812_noticia.html"
"2020-09-27","https://www.abc.es/formacion/abci-masteres-hibridos-agiles-y-medida-para-armarse-frente-incertidumbre-202006232142_noticia.html"
"2020-09-27","https://www.abc.es/formacion/abci-laboratorios-iluminan-ideas-empresariales-202006251926_noticia.html"
"2020-09-27","https://www.abc.es/formacion/abci-movilidad-internacional-flexibilidad-derriba-nuevas-fronteras-202006232141_noticia.html"
"2020-09-27","https://www.abc.es/guias-educacion/masteres-postgrados/"
"2020-09-27","https://www.abc.es/natural/abci-beneficios-banarse-entre-arboles-202007221850_noticia.html"
"2020-09-27","https://www.abc.es/natural/abci-embarcarse-rumbo-aventura-202007240044_noticia.html"
"2020-09-27","https://www.abc.es/natural/abci-viaje-interestelar-202007221931_noticia.html"
"2020-09-27","https://www.abc.es/natural/abci-sostenibilidad-seguridad-202007221837_noticia.html"
"2020-09-27","https://www.abc.es/recreo/abci-amigos-comparten-premio-22-millones-mantener-promesa-hace-casi-30-anos-202007241219_noticia.html"
"2020-09-27","https://www.abc.es/recreo/abci-ultimo-boing-747-ruta-aerolinea-australiana-qantas-despide-dibujando-canguro-cielo-202007231144_noticia.html"
"2020-09-27","https://www.abc.es/recreo/abci-hombre-atrapa-aire-nino-tras-caer-desde-quinto-piso-202007201358_noticia.html"
"2020-09-27","https://www.abc.es/recreo/abci-mujer-golpea-tablon-madera-pareja-pillo-teniendo-sexo-tras-arbusto-rusia-202007181842_noticia.html"
"2020-09-27","https://www.abc.es/loterias/bonoloto/abci-comprobar-resultado-sorteo-bonoloto-hoy-jueves-24-septiembre-202009242151_noticia.html"
"2020-09-27","https://www.abc.es/loterias/"
"2020-09-27","https://www.abc.es/recreo/abci-prediccion-horoscopo-hoy-viernes-25-septiembre-202009242300_noticia.html"
"2020-09-27","https://elpais.com/sociedad/2020-09-26/un-millon-de-muertos.html"
"2020-09-27","https://elpais.com/sociedad/2020-09-26/las-pandoras-de-la-pandemia.html"
"2020-09-27","https://elpais.com/opinion/2020-09-26/la-otra-pandemia.html"
"2020-09-27","https://elpais.com/sociedad/2020-09-26/un-regalo-envenenado-de-la-madre-naturaleza.html"
"2020-09-27","https://elpais.com/sociedad/2020-09-26/de-senegal-a-yakarta-una-diversa-geografia-del-dolor.html"
"2020-09-27","https://elpais.com/sociedad/2020-09-26/solo-recordaremos-su-nombre.html"
"2020-09-27","https://elpais.com/sociedad/2020-09-26/un-millon-de-muertes-que-son-mas-de-un-millon.html"
"2020-09-27","https://elpais.com/espana/2020-09-26/otono-caliente-en-todos-los-frentes.html"
"2020-09-27","https://elpais.com/sociedad/2020-09-26/sanidad-ultima-la-forma-de-intervenir-sanitariamente-madrid-ante-la-gravedad-de-la-crisis-del-coronavirus.html"
"2020-09-27","https://elpais.com/espana/madrid/2020-09-26/ayuso-dice-que-ofrecio-cerrar-todas-las-poblaciones-con-mas-de-500-contagios-siempre-y-cuando-fuera-en-toda-espana.html"
"2020-09-27","https://elpais.com/espana/madrid/2020-09-26/dimite-el-portavoz-del-grupo-covid-de-la-comunidad-de-madrid-a-las-48-horas-de-ser-nombrado.html"
"2020-09-27","https://elpais.com/elpais/2020/09/21/eps/1600701180_749847.html"
"2020-09-27","https://elpais.com/ideas/2020-09-26/nuestra-sanidad-publica-no-era-tan-buena.html"
"2020-09-27","https://elpais.com/espana/2020-09-26/el-veto-al-rey-destapa-la-disputa-en-el-gobierno-por-el-bloqueo-judicial.html"
"2020-09-27","https://elpais.com/espana/2020-09-27/izquierda-y-nacionalistas-redoblan-la-presion-sobre-el-pp-para-la-renovacion-del-poder-judicial-y-otras-instituciones.html"
"2020-09-27","https://elpais.com/internacional/2020-09-26/el-giro-conservador-del-tribunal-supremo-agita-la-campana-presidencial-de-estados-unidos.html"
"2020-09-27","https://elpais.com/internacional/2020-09-26/la-interminable-digestion-economica-de-la-reunificacion-alemana.html"
"2020-09-27","https://elpais.com/economia/2020-09-26/china-toma-la-delantera.html"
"2020-09-27","https://elpais.com/economia/2020-09-26/el-teletrabajo-noquea-al-barrio-de-oficinas.html"
"2020-09-27","https://elpais.com/cultura/2020-09-26/doggerland-la-atlantida-europea-que-recuerda-el-poder-destructor-del-cambio-climatico.html"
"2020-09-27","https://elpais.com/cultura/2020-09-26/la-pelicula-georgiana-beginning-logra-la-concha-de-oro.html"
"2020-09-27","https://elpais.com/television/2020-09-26/el-largo-camino-hacia-el-estreno-de-patria.html"
"2020-09-27","https://elpais.com/sociedad/2020-09-26/en-la-tercera-plantaqueda-un-hueco-insustituible.html"
"2020-09-27","https://elpais.com/retina/2020/09/25/tendencias/1601043492_414096.html"
"2020-09-27","https://elpais.com/gente/2020-09-26/hilario-lopez-millan-mi-memoria-vale-una-pasta.html"
"2020-09-27","https://elpais.com/gente/2020-09-26/silvio-berlusconi-el-inmortal.html"
"2020-09-27","https://elpais.com/espana/madrid/2020-09-25/un-paseo-por-la-gran-via-de-la-crisis-casi-un-30-de-negocios-cerrados.html"
"2020-09-27","https://elpais.com/sociedad/2020-09-25/tajo-como-matar-a-un-rio.html"
"2020-09-27","https://elpais.com/especiales/2020/la-lista/"
"2020-09-27","https://elpais.com/cultura/2020-09-24/antonio-lopez-al-lado-de-las-marranadas-de-otros-poderosos-lo-del-rey-es-poca-cosa.html"
"2020-09-27","https://elpais.com/opinion/2020-09-26/viraje-chino.html"
"2020-09-27","https://elpais.com/opinion/2020-09-26/trump-sigue-a-sun-tzu.html"
"2020-09-27","https://elpais.com/opinion/2020-09-26/justos-por-pecadores.html"
"2020-09-27","https://elpais.com/opinion/2020-09-26/de-fuentes-y-comprobaciones.html"
"2020-09-27","https://elpais.com/opinion/2020-09-26/volvera-a-gobernar-la-derecha.html"
"2020-09-27","https://elpais.com/espana/2020-09-26/con-los-datos-de-madrid-yo-ya-habria-solicitado-el-estado-de-alarma.html"
"2020-09-27","https://elpais.com/sociedad/2020-09-26/los-negacionistas-del-virus-se-enfrentan-a-la-policia-en-el-corazon-de-londres.html"
"2020-09-27","https://elpais.com/economia/2020-09-26/asi-busca-pharmamar-antivirales-para-la-covid-19-en-el-oceano.html"
"2020-09-27","https://elpais.com/deportes/2020-09-26/una-victoria-con-mucho-var.html"
"2020-09-27","https://elpais.com/deportes/2020-09-26/de-jong-no-se-puede-jugar-con-miedo.html"
"2020-09-27","https://elpais.com/deportes/2020-09-27/lebron-james-eleva-su-leyenda-con-una-exhibicion-que-le-mete-en-su-decima-final.html"
"2020-09-27","https://elpais.com/deportes/2020-09-26/a-valverde-le-espera-en-imola-la-generacion-de-los-ninos-prodigio.html"
"2020-09-27","https://elpais.com/internacional/2020-09-26/suiza-se-asoma-a-un-swixit-en-un-referendum-que-podria-limitar-la-entrada-de-ciudadanos-de-la-ue.html"
"2020-09-27","https://elpais.com/internacional/2020-09-26/el-autor-del-ataque-de-paris-relaciona-su-crimen-con-la-publicacion-de-las-caricaturas-de-mahoma.html"
"2020-09-27","https://elpais.com/internacional/2020-09-26/la-crisis-de-libano-tras-la-explosion-se-agrava-con-la-dimision-del-nuevo-primer-ministro.html"
"2020-09-27","https://elpais.com/internacional/2020-09-26/el-siniestro-de-un-avion-militar-durante-un-vuelo-de-entrenamiento-en-ucrania-causa-26-muertos.html"
"2020-09-27","https://elpais.com/sociedad/pienso-luego-actuo/2020-09-21/cuando-la-solucion-a-tu-cancer-esta-en-un-hospital-a-la-vuelta-de-la-esquina.html"
"2020-09-27","https://elpais.com/sociedad/2020/09/14/pienso_luego_actuo/1600069958_945079.html"
"2020-09-27","https://elpais.com/espana/2020-09-26/robles-repesca-al-general-que-dirigio-la-operacion-militar-contra-la-pandemia.html"
"2020-09-27","https://elpais.com/espana/catalunya/2020-09-26/la-atomizacion-amenaza-con-dejar-fuera-del-parlament-al-nacionalismo-moderado.html"
"2020-09-27","https://elpais.com/cat/2020/09/26/catalunya/1601136975_632047.html"
"2020-09-27","https://elpais.com/economia/2020-09-26/tensa-vigilia-para-las-534-familias-de-alcoa.html"
"2020-09-27","https://elpais.com/economia/2020-09-26/el-mayor-inversor-tecnologico-del-mundo-muda-de-piel.html"
"2020-09-27","https://elpais.com/economia/2020-09-26/el-futuro-de-la-aviacion-pasa-por-el-hidrogeno.html"
"2020-09-27","https://elpais.com/cincodias/2020/09/24/mercados/1600974237_390534.html"
"2020-09-27","https://elpais.com/sociedad/2020-09-26/jan-martinez-ahrens-director-de-america-y-miguel-jimenez-director-adjunto.html"
"2020-09-27","https://elpais.com/elpais/2020/09/25/planeta_futuro/1601041121_003197.html"
"2020-09-27","https://elpais.com/cultura/2020-09-26/el-hombre-que-toca-la-banda-sonora-de-la-prehistoria.html"
"2020-09-27","https://elpais.com/cultura/2020/09/25/babelia/1601048485_287643.html"
"2020-09-27","https://elpais.com/cultura/2020/09/24/babelia/1600965327_458211.html"
"2020-09-27","https://elpais.com/ciencia/2020-09-26/desvelado-el-encuentro-sexual-mas-antiguo-de-nuestra-especie.html"
"2020-09-27","https://elpais.com/tecnologia/2020-09-26/como-hacer-un-barco-invisible-con-tecnologia-espanola.html"
"2020-09-27","https://elpais.com/television/2020-09-26/cuando-eramos-adultos.html"
"2020-09-27","https://elpais.com/television/2020-09-25/george-pelecanos-esto-no-va-de-blancos-contra-negros-va-de-ricos-contra-pobres-y-los-blancos-pobres-no-ven-el-timo.html"
"2020-09-27","https://elpais.com/verne/2020/09/25/articulo/1601042938_712118.html"
"2020-09-27","https://elpais.com/verne/2020/09/18/articulo/1600436246_577268.html"
"2020-09-27","https://elpais.com/verne/2020/09/24/articulo/1600961301_512811.html"
"2020-09-27","https://elpais.com/elpais/2020/09/25/icon/1601038120_516637.html"
"2020-09-27","https://elpais.com/elcomidista/2020/09/16/articulo/1600248026_666077.html"
"2020-09-27","https://elpais.com/buenavida/psicologia/2020-09-26/ayuda-no-gracias-asi-piensan-quienes-rechazan-la-colaboracion-por-mucho-que-la-necesiten.html"
"2020-09-27","https://elpais.com/gente/2020-09-25/el-ano-mas-extravagante-de-gwyneth-paltrow.html"
"2020-09-27","https://elpais.com/politica/2020/09/25/diario_de_espana/1601058684_664688.html"
"2020-09-27","https://elpais.com/elpais/2020/09/21/alterconsumismo/1600677377_311057.html"
"2020-09-27","https://elpais.com/mamas-papas/2020-09-26/tu-hijo-no-gatea-razones-por-las-que-no-hay-que-preocuparse.html"
"2020-09-27","https://elpais.com/cultura/2020/09/24/el_toro_por_los_cuernos/1600921989_151424.html"
"2020-09-27","https://elpais.com/internacional/2020/09/25/mundo_global/1601055411_428145.html"
"2020-09-27","https://elpais.com/videos/2020-09-26/una-activista-inglesa-de-18-anos-viaja-hasta-el-medio-del-oceano-artico-para-alertar-sobre-el-impacto-del-cambio-climatico.html"
"2020-09-27","https://elpais.com/elpais/2020/09/26/album/1601141627_183044.html"
"2020-09-27","https://elpais.com/elpais/2020/09/25/escaparate/1601028917_142174.html"
"2020-09-27","https://elpais.com/elpais/2020/09/08/escaparate/1599576846_996658.html"
"2020-09-27","https://elpais.com/elpais/2020/09/25/escaparate/1601066866_058956.html"
"2020-09-27","https://elpais.com/sociedad/2020-09-05/el-pais-logra-110000-suscriptores-tras-lanzar-su-modelo-de-pago-digital.html"
"2020-09-27","https://elpais.com/cultura/2020-08-29/cuentos-para-ganar-bienestar.html"
"2020-09-27","https://elpais.com/elpais/2020/09/23/planeta_futuro/1600872867_181863.html"
"2020-09-27","https://elpais.com/elpais/2020/09/25/eps/1601023320_622834.html"
"2020-09-27","https://elpais.com/elviajero/2020/09/21/actualidad/1600697212_434581.html"
"2020-09-27","https://elpais.com/cultura/2020/09/24/babelia/1600951134_750778.html"
"2020-09-27","https://elpais.com/ideas/2020-09-19/ingreso-minimo-vital-un-salvavidas-ante-la-emergencia-social.html"
"2020-09-27","https://elpais.com/elcomidista/2020/09/16/receta/1600278727_737825.html"
"2020-09-27","https://elpais.com/elpais/2020/09/25/icon/1601024206_832435.html"
"2020-09-27","https://elpais.com/elpais/2020/09/16/icon_design/1600277993_151715.html"
"2020-09-27","https://elpais.com/buenavida/salud/2020-09-15/como-perder-peso-cuando-has-pasado-los-40-y-no-volver-a-ganarlo-jamas.html"
"2020-09-27","https://elpais.com/tematicos/2020/03/17/elpaismas/1584449744_780573.html"
"2020-09-27","https://www.lesoir.be/327782/article/2020-09-27/negociations-federales-derniere-ligne-droite-avant-le-rapport-au-roi"
"2020-09-27","https://www.lesoir.be/327788/article/2020-09-27/negociations-federales-comment-georges-louis-bouchez-tente-de-sopposer-la"
"2020-09-27","https://www.lesoir.be/327764/article/2020-09-26/etats-unis-la-juge-conservatrice-amy-coney-barrett-nommee-par-trump-la-cour"
"2020-09-27","https://www.lesoir.be/327768/article/2020-09-27/pourquoi-donald-trump-choisi-amy-coney-barrett-la-cour-supreme"
"2020-09-27","https://www.lesoir.be/327797/article/2020-09-27/coronavirus-plus-de-20000-hospitalisations-depuis-le-debut-de-la-crise"
"2020-09-27","https://www.lesoir.be/327794/article/2020-09-27/coronavirus-ce-quil-faut-savoir-sur-les-nouvelles-mesures-en-vigueur-des-lundi"
"2020-09-27","https://www.lesoir.be/327433/article/2020-09-25/la-vente-en-viager-un-concept-pret-etre-depoussiere"
"2020-09-27","https://www.lesoir.be/327778/article/2020-09-27/mondiaux-de-cyclisme-sept-coureurs-forment-lechappee-direct"
"2020-09-27","https://www.lesoir.be/327638/article/2020-09-25/mondiaux-de-cyclisme-lunion-sacree-autour-de-wout-van-aert"
"2020-09-27","https://www.lesoir.be/326270/article/2020-09-20/coronavirus-le-cap-des-100000-infections-franchi-faut-il-ceder-la-panique"
"2020-09-27","https://www.lesoir.be/325030/article/2020-09-15/les-contaminations-senvolent-la-population-se-lasse-comment-lutter-contre-le"
"2020-09-27","https://www.lesoir.be/325178/article/2020-09-15/coronavirus-la-vie-devant-toi-jour-56-le-test"
"2020-09-27","https://www.lesoir.be/323940/article/2020-09-09/coronavirus-ou-grippe-quel-comportement-adopter-lors-de-lapparition-de-symptomes"
"2020-09-27","https://www.lesoir.be/327768/article/2020-09-27/pourquoi-donald-trump-choisi-amy-coney-barrett-la-cour-supreme"
"2020-09-27","https://www.lesoir.be/327433/article/2020-09-25/la-vente-en-viager-un-concept-pret-etre-depoussiere"
"2020-09-27","https://www.lesoir.be/327602/article/2020-09-25/rdc-retour-sur-le-projet-bukanga-lonzo-lelephant-blanc-du-bandundu"
"2020-09-27","https://www.lesoir.be/327040/article/2020-09-26/la-chronique-de-carta-academica-les-femmes-et-le-rejet-de-lautre"
"2020-09-27","https://www.lesoir.be/327666/article/2020-09-26/coronavirus-une-gestion-trop-souvent-erratique"
"2020-09-27","https://www.lesoir.be/327663/article/2020-09-26/kroll-presente-max-tilgenkamp-les-experts-du-covid-19"
"2020-09-27","https://www.lesoir.be/327443/article/2020-09-25/coronavirus-pourquoi-litalie-se-porte-aujourdhui-mieux-que-le-reste-de-leurope"
"2020-09-27","https://www.lesoir.be/327312/article/2020-09-24/madeleine-albright-je-souhaite-le-retour-dune-amerique-genereuse-et-charitable"
"2020-09-27","https://www.lesoir.be/327298/article/2020-09-24/pour-les-yussefi-refugies-afghans-lesbos-la-vie-tient-dans-un-chariot"
"2020-09-27","https://www.lesoir.be/327186/article/2020-09-24/legalite-hommes-femmes-dans-le-tennis-pour-billie-jean-king-il-y-encore-du"
"2020-09-27","https://www.lesoir.be/327785/article/2020-09-27/roland-garros-david-goffin-perd-les-deux-premiers-sets-face-jannik-sinner-direct"
"2020-09-27","https://www.lesoir.be/327798/article/2020-09-27/forte-participation-laction-de-protestation-du-vlaams-belang-contre-la-coalition"
"2020-09-27","https://www.lesoir.be/327771/article/2020-09-27/coronavirus-en-belgique-le-nombre-de-nouveaux-cas-toujours-la-hausse"
"2020-09-27","https://www.lesoir.be/327652/article/2020-09-26/fincen-files-belfius-distribue-du-cash-par-millions-un-acheteur-dor-sale"
"2020-09-27","https://www.lesoir.be/327787/article/2020-09-27/trump-hue-pression-sur-la-cour-supreme-ce-quil-faut-retenir-de-la-semaine-de"
"2020-09-27","https://www.lesoir.be/327746/article/2020-09-26/la-n-va-publie-la-note-negociee-avec-le-ps-et-critique-la-vivaldi"
"2020-09-27","https://www.lesoir.be/327757/article/2020-09-26/attaque-paris-selon-les-premiers-elements-de-lenquete-lauteur-presume-aurait-agi"
"2020-09-27","https://www.lesoir.be/327773/article/2020-09-27/tensions-au-belarus-il-est-clair-que-loukachenko-doit-partir-selon-macron"
"2020-09-27","https://www.lesoir.be/327602/article/2020-09-25/rdc-retour-sur-le-projet-bukanga-lonzo-lelephant-blanc-du-bandundu"
"2020-09-27","https://www.lesoir.be/327772/article/2020-09-27/meteo-un-temps-nuageux-avant-un-debut-de-semaine-pluvieux"
"2020-09-27","https://www.lesoir.be/327723/article/2020-09-26/sports-nautiques-interdits-cabanes-detruites-la-tempete-odette-frappe-la-cote"
"2020-09-27","https://www.lesoir.be/327729/article/2020-09-26/rassemblement-devant-la-gare-centrale-bruxelles-pour-dire-non-la-5g"
"2020-09-27","https://www.lesoir.be/327624/article/2020-09-25/50-millions-de-plus-pour-les-riverains-daeroports-wallons"
"2020-09-27","https://www.lesoir.be/327652/article/2020-09-26/fincen-files-belfius-distribue-du-cash-par-millions-un-acheteur-dor-sale"
"2020-09-27","https://www.lesoir.be/327603/article/2020-09-27/bande-dessinee-cocteau-disait-de-lui-meme-quil-etait-un-objet-difficile-saisir"
"2020-09-27","https://www.lesoir.be/327066/article/2020-09-27/les-poches-des-livres-du-soir"
"2020-09-27","https://www.lesoir.be/327295/article/2020-09-26/trois-mois-plus-tard"
"2020-09-27","https://www.lesoir.be/327264/article/2020-09-26/cest-du-belge-il-est-vraiment-urgent-de-lire"
"2020-09-27","https://www.lesoir.be/323603/article/2020-09-08/roulez-maintenant-payez-plus-tard-iveco-daily-aide-les-entreprises-reprendre?utm_source=lesoir&utm_medium=organique&utm_campaign=Iveco_10332417"
"2020-09-27","https://www.lesoir.be/323900/article/2020-09-09/envie-dune-construction-ou-dune-renovation-econome-en-energie-et-durable-optez?utm_source=lesoir&utm_medium=organique&utm_campaign=Gas.be_10317494"
"2020-09-27","https://www.lesoir.be/319972/article/2020-08-20/chassez-le-cholesterol-avant-quil-napparaisse"
"2020-09-27","https://www.lesoir.be/327124/article/2020-09-23/unifiedpost-veut-devenir-le-facebook-des-pme"
"2020-09-27","https://www.lesoir.be/326407/article/2020-09-21/pour-reprendre-des-etudes-il-faut-etre-hyper-courageux"
"2020-09-27","https://www.lesoir.be/325482/article/2020-09-16/les-cooperatives-lautre-economie-les-professionnels-de-la-sante-semparent-de"
"2020-09-27","https://www.lesoir.be/324948/article/2020-09-14/peres-au-foyer-les-stereotypes-ont-la-vie-dure-meme-chez-les-millenials"
"2020-09-27","https://www.lesoir.be/323380/article/2020-09-07/les-jardins-des-ruisseaux-un-ecrin-ou-se-recree-la-biodiversite"
"2020-09-27","https://www.lesoir.be/322019/article/2020-08-31/les-caf-ou-le-microcredit-pour-sentraider"
"2020-09-27","https://www.lesoir.be/320677/article/2020-08-24/des-remorques-velo-partager"
"2020-09-27","https://www.lesoir.be/327744/article/2020-09-26/fermeture-des-bars-23h-interdiction-de-rassemblement-la-nuit-bruxelles-renforce"
"2020-09-27","https://www.lesoir.be/327549/article/2020-09-25/voyages-letranger-le-spf-affaires-etrangeres-lance-une-carte-interactive-pour"
"2020-09-27","https://www.lesoir.be/327771/article/2020-09-27/coronavirus-en-belgique-le-nombre-de-nouveaux-cas-toujours-la-hausse"
"2020-09-27","https://www.lesoir.be/327764/article/2020-09-26/etats-unis-la-juge-conservatrice-amy-coney-barrett-nommee-par-trump-la-cour"
"2020-09-27","https://www.lesoir.be/327143/article/2020-09-23/comment-paul-rusesabagina-heros-du-film-hotel-rwanda-est-arrive-au-rwanda-au"
"2020-09-27","https://www.lesoir.be/325657/article/2020-09-17/liege-laube-des-grands-changements"
"2020-09-27","https://www.lesoir.be/323918/article/2020-09-09/maroc-mohammed-vi-le-roi-des-pauvres-toujours-plus-loin-de-son-peuple"
"2020-09-27","https://www.lesoir.be/327040/article/2020-09-26/la-chronique-de-carta-academica-les-femmes-et-le-rejet-de-lautre"
"2020-09-27","https://www.lesoir.be/327249/article/2020-09-25/vous-avez-de-ces-mots-au-brame-citoyens"
"2020-09-27","https://www.lesoir.be/327449/article/2020-09-25/les-coformateurs-tadej-pogacar-et-sophie-wilmes-les-gagnants-et-les-perdants-de"
"2020-09-27","https://time.com/5893039/breonna-taylor-charges-grand-jury-daniel-cameron/"
"2020-09-27","https://time.com/5892917/covid-relief-bill-ginsburg/"
"2020-09-27","https://time.com/collection/100-most-influential-people-2020/"
"2020-09-27","https://time.com/5893485/washington-dark-days-ahead/"
"2020-09-27","https://time.com/5888791/covid-19-asylum-seekers-mexico/"
"2020-09-27","https://time.com/5891640/bonnie-castillo-nurses-pandemic-ppe/"
"2020-09-27","https://time.com/5891537/brett-hankison-indicted-wanton-endangerment-breonna-taylor/"
"2020-09-27","https://time.com/5891201/how-we-chose-time100-2020/"
"2020-09-27","https://time.com/5880229/arrests-black-lives-matter-protests-impact/"
"2020-09-27","https://time.com/5887247/reparations-america-rosewood-massacre/"
"2020-09-27","https://time.com/5883537/kenosha-wisconsin-jacob-blake/"
"2020-09-27","https://time.com/5884176/islam-black-lives-matter-policing-muslims/"
"2020-09-27","https://time.com/5887432/coronavirus-united-states-failure/"
"2020-09-27","https://time.com/5887199/coronavirus-vaccine-race/"
"2020-09-27","https://time.com/5887324/college-campus-coronavirus/"
"2020-09-27","https://time.com/5887432/coronavirus-united-states-failure/"
"2020-09-27","https://time.com/5887199/coronavirus-vaccine-race/"
"2020-09-27","https://time.com/5887324/college-campus-coronavirus/"
"2020-09-27","https://time.com/5893561/donald-trump-amy-coney-barrett-supreme-court/"
"2020-09-27","https://time.com/5893738/israel-protest-netanyahu-covid19-lockdown/"
"2020-09-27","https://time.com/5893730/proud-boys-right-wing-rally-portland/"
"2020-09-27","https://time.com/5893721/alps-early-snowfall/"
"2020-09-27","https://time.com/5893717/boris-johnson-un-covid19-speech/"
"2020-09-27","https://time.com/5874524/tammy-duckworth-americas-moms-running-on-empty/"
"2020-09-27","https://time.com/5875424/ban-ki-moon-hiroshima-nagasaki-nuclear/"
"2020-09-27","https://time.com/5873444/radically-rethink-covid-19-testing-approach/"
"2020-09-27","https://time.com/5872777/we-need-smarter-stimulus/"
"2020-09-27","https://time.com/5858245/food-world-needs-to-listen-to-the-real-cultural-experts/"
"2020-09-27","https://time.com/5859459/in-defense-of-virtue-signaling-2/"
"2020-09-27","https://time.com/collection/100-most-influential-people-2020/"
"2020-09-27","https://time.com/collection/live-well/"
"2020-09-27","https://time.com/columbia-gsb/"
"2020-09-27","https://time.com/collection/100-most-influential-people-2020/"
"2020-09-27","https://time.com/collection/live-well/"
"2020-09-27","https://time.com/columbia-gsb/"
"2020-09-27","https://time.com/5891333/covid-19-conspiracy-theories/"
"2020-09-27","https://time.com/5891509/uk-coronavirus-restrictions/"
"2020-09-27","https://time.com/5887699/nursing-homes-covid-19-federal-help/"
"2020-09-27","https://time.com/wyckoff-hospital-brooklyn-coronavirus/"
"2020-09-27","https://time.com/5887437/conspiracy-theories-2020-election/"
"2020-09-27","https://time.com/5889969/how-to-vote-by-mail/"
"2020-09-27","https://time.com/5889888/black-voters-michigan/"
"2020-09-27","https://time.com/5889093/joe-biden-michigan-campaign/"
"2020-09-27","https://time.com/nextadvisor/credit-cards/ruth-bader-ginsburg-credit-card-legacy/"
"2020-09-27","https://time.com/nextadvisor/banking/mackenzie-scott-charitable-giving/"
"2020-09-27","https://time.com/nextadvisor/in-the-news/financial-survivor-guilt/"
"2020-09-27","https://time.com/nextadvisor/in-the-news/payroll-tax-deferral/"
"2020-09-27","https://time.com/5870461/cancer-clinical-trials-coronavirus/"
"2020-09-27","https://time.com/5842469/coronavirus-handshake-social-touch/"
"2020-09-27","https://time.com/5821252/back-pain-work-from-home-tips/"
"2020-09-27","https://time.com/5672106/melatonin-safety/"
"2020-09-27","https://www.news.com.au/finance/small-business/workout-meals-the-12m-business-started-by-two-sydneysiders-with-just-700-each/news-story/8a3883f2f5e2aa5b557eadbf50453445"
"2020-09-27","https://www.news.com.au/entertainment/tv/current-affairs/lindy-chamberlain-sam-neil-opens-up-about-miniseries-about-the-true-story-on-what-happened-to-azaria/news-story/9be57a615755923bbb9b6e7f67340c53"
"2020-09-27","https://www.news.com.au/lifestyle/real-life/news-life/how-woman-discovered-her-husband-was-a-secret-paedophile/news-story/944212fe4a7805bb01d754d0759e37f1"
"2020-09-27","https://www.news.com.au/world/coronavirus/australia/coronavirus-australia-live-victoria-qld-nsw-covid19-updates/live-coverage/1450c3a75bda745be0ed4af495b2893e"
"2020-09-27","https://www.news.com.au/travel/travel-updates/health-safety/nsw-to-new-zealand-travel-bubble-could-be-operating-within-weeks/news-story/90e8ad669fb52d50602f6e36005dfd73"
"2020-09-27","https://www.news.com.au/entertainment/celebrity-life/royals/prince-harry-broke-queens-golden-rule-with-us-election-comments/news-story/c99049206492d5899678598ef0ef592f"
"2020-09-27","https://www.news.com.au/finance/economy/world-economy/china-may-rely-on-australia-to-prevent-an-economic-collapse/news-story/855332b20c8074e15c2ee9802ff70329"
"2020-09-27","https://www.news.com.au/sport/cricket/alyssa-healy-breaks-world-record-for-most-dismissals-by-a-wicketkeeper-in-t20i-cricket/news-story/37b00dce07f52127160b44e63d22ef5b"
"2020-09-27","https://www.news.com.au/lifestyle/health/health-problems/coronavirus-victoria-melbournes-restrictions-set-to-be-eased-further/news-story/e4705c665d9c5023b83bf0de9e11133b"
"2020-09-27","https://www.news.com.au/entertainment/tv/streaming/tiger-king-inside-joe-exotics-traumatic-past/news-story/35fab89fe915642f49a0a4f185145b16"
"2020-09-27","https://www.news.com.au/lifestyle/relationships/sex/relationship-rehab-mans-41year-sex-secret/news-story/e4afc01cff5fb4ff4ef2b5ceb5297565"
"2020-09-27","https://www.news.com.au/in-the-know-quiz/dashboard"
"2020-09-27","https://www.news.com.au/entertainment/tv/streaming/the-comey-rule-is-a-horror-show-were-all-still-living/news-story/3519e6148b7dbdeead66f5551e5f71f3"
"2020-09-27","https://www.news.com.au/entertainment/celebrity-life/hook-ups-break-ups/rhos-star-lisa-oldfield-flushes-her-engagement-ring-down-the-toilet/news-story/a903582b3a1a0c817644153039126854"
"2020-09-27","https://www.news.com.au/entertainment/tv/reality-tv/delta-goodrem-unlikely-to-return-to-the-voice-due-to-salary-conflicts/news-story/f20f46e6b160c33b6975b4325b950230"
"2020-09-27","https://www.news.com.au/entertainment/celebrity-life/celebrity-kids/kit-harington-and-rose-leslie-reveal-baby-see-her-bump/news-story/4231763fc72a4e5aec1cd4f2679ae341"
"2020-09-27","https://www.news.com.au/entertainment/tv/morning-shows/sunrise-win-the-ratings-war-with-today-plummeting/news-story/0b13e055e4c1908098946a5627404fd3"
"2020-09-27","https://www.news.com.au/sport/nrl/reports-broncos-to-name-kevin-walters-as-coach-this-coach-as-bellamy-rumours-firm/news-story/a43194e1db118c52e048c2d2a500f542"
"2020-09-27","https://www.news.com.au/sport/cricket/shane-warne-recalls-dean-jones-brutal-sledge-in-sri-lanka/news-story/fd86cbeaacf18e872bedfc28b998366f"
"2020-09-27","https://www.news.com.au/world/coronavirus/australia/tapes-solve-the-mystery-of-victorias-covid-hotel-whodunit/news-story/68067f4af991a8dc15a962c5173a8283"
"2020-09-27","https://www.news.com.au/sport/sports-life/champions/mark-taylor-reveals-details-of-dean-jones-health-concerns/news-story/047b4ec20edd8bd456ed6b7612c0bc75"
"2020-09-27","https://www.news.com.au/sport/nrl/max-king-under-fire-for-dangerous-hip-drop-tackle/news-story/bf9b8ec3cbafe761a225ed88f1ad7df6"
"2020-09-27","https://www.news.com.au/national/nsw-act/news/renewed-police-push-to-find-missing-elderly-sydney-man-kenneth-hanes/news-story/e5ab2423c58ec2b42fe2f32cd1e708a4"
"2020-09-27","https://www.news.com.au/sport/nrl/origin/nsw-blues-name-potential-debutant-cameron-mcinnes-in-state-of-origin-squad/news-story/ad570819bbc35ab7838ccde6217ffa10"
"2020-09-27","https://www.news.com.au/sport/nrl/new-zealand-warriors-end-difficult-season-with-a-deserving-victory/news-story/baee57e082e85b3466802690cd485c12"
"2020-09-27","https://www.news.com.au/sport/nrl/benji-marshall-suffers-suspected-mcl-injury-in-farewell-match/news-story/1ff0dfbabab680bb6714df7cb24172f3"
"2020-09-27","https://www.news.com.au/technology/science/animals/hero-dad-saves-daughter-in-vicious-dog-attack/news-story/d37ed206b749532482d5dd4ea5f13b54"
"2020-09-27","https://www.news.com.au/sport/motorsport/formula-one/lewis-hamilton-worried-about-start-in-russian-grand-prix-in-schumacher-record-chase/live-coverage/6c3c40a54d3e5cfa1dbb9ae019331934"
"2020-09-27","https://www.news.com.au/finance/work/leaders/us-election-real-reason-trumps-refusal-to-guarantee-a-peaceful-transfer-of-power-is-dangerous/news-story/ef301dcef3b11275f57c3946481d69a4"
"2020-09-27","https://www.news.com.au/sport/ufc/ufc-253-live-updates-israel-adesanya-vs-paulo-costa/news-story/a2242d197f34a6850bd4d39b80eb39e3"
"2020-09-27","https://www.news.com.au/finance/economy/world-economy/coronavirus-theory-that-chinese-propaganda-encouraged-western-nations-to-lock-down/news-story/19c3e85f1f3088e5b06f2fb97ee50629"
"2020-09-27","https://www.news.com.au/lifestyle/food/drinks/it-hurts-50000-litres-of-wine-floods-spanish-winery/news-story/1a8e778de044e40632aca7926825e960"
"2020-09-27","https://www.news.com.au/lifestyle/health/health-problems/dr-charlie-teos-patient-milli-lucas-13-contracts-cancer-for-third-time/news-story/67e991b4492f4fa086dfa287a9f0c08d"
"2020-09-27","https://www.news.com.au/lifestyle/parenting/school-life/shore-mums-defend-kids-on-social-media-after-vile-muckup-day-scavenger-hunt/news-story/1f95257cbe18a40bf0e248dc9c1a9fa3"
"2020-09-27","https://www.news.com.au/lifestyle/health/health-problems/is-vaping-safer-than-smoking-doctor-reveals-the-truth/news-story/7a2fc3f7b59b465e320a3895227d20be"
"2020-09-27","https://www.news.com.au/lifestyle/beauty/the-beauty-diary-introduction-to-new-australian-skincare-brand-ava-society/news-story/db8a3ecc1f07d0c59569a349a5ae6321"
"2020-09-27","https://www.news.com.au/lifestyle/parenting/school-life/covid19-pandemic-could-signal-end-of-school-tuckshop/news-story/d06647b08dcfe5fd529a381247f7f201"
"2020-09-27","https://www.news.com.au/travel/travel-advice/tips-tricks/top-tourist-scams-to-avoid-from-fake-uber-charges-to-card-skimming/news-story/66b96e0911ec522093a6cf0937a31f45"
"2020-09-27","https://www.news.com.au/travel/travel-updates/travel-stories/aussie-couple-trapped-in-mexico-raising-money-on-gofundme-to-get-home/news-story/1bbde27aa80baa7a003580cd523ff5bc"
"2020-09-27","https://www.news.com.au/travel/travel-updates/travel-stories/tripadvisor-reviews-the-top-10-funniest-1star-reviews-of-all-time/news-story/58acca670ee19ab1eb31e33d26db1bb6"
"2020-09-27","https://www.news.com.au/travel/travel-updates/health-safety/covid19-immunity-passports-the-huge-risk-with-plan-to-resume-travel/news-story/99c814439721f4bf5594d90b85fc16b2"
"2020-09-27","https://www.news.com.au/travel/travel-updates/travel-stories/rich-kid-freaks-out-after-being-forced-on-budget-holiday-for-reality-tv-show/news-story/dd9e53010303eb887498722d7c6f80bd"
"2020-09-27","https://www.news.com.au/entertainment/tv/melissa-doyle-reveals-sadness-at-seven-axing-after-25-years/news-story/225b188ee549631afa2f27459e1ba72f"
"2020-09-27","https://www.news.com.au/entertainment/celebrity-life/celebrity-photos/kelly-osbourne-unrecognisable-after-secret-surgeries/news-story/37a941e56c594b6837cff6a72d59de36"
"2020-09-27","https://www.news.com.au/entertainment/books-magazines/books/how-jimmy-barnes-lost-his-most-loyal-friends-family-pets-snoop-and-oliver/news-story/b1a46830a70e642873f15b76fb19d806"
"2020-09-27","https://www.news.com.au/entertainment/celebrity-life/celebrity-photos/kristin-cavallari-mumshamed-over-racy-instagram-post/news-story/af943409bcaef380205303ac66172ab5"
"2020-09-27","https://www.news.com.au/entertainment/tv/james-weir-simple-solution-to-ellen-degeneres-hate-problem/news-story/da911895cbb119314f1f2a3e40df19e0"
"2020-09-27","https://www.news.com.au/technology/innovation/motoring/new-cars/honda-hrv-rs-review-magic-seats-make-for-a-smart-cabin/news-story/d23e1fdc52e6e95e3f90bfa567bae98f"
"2020-09-27","https://www.news.com.au/technology/online/social/gen-z-tiktok-users-unwittingly-support-racist-tattoo-trend/news-story/1affd87b5771dabc97d1e6e8472c432c"
"2020-09-27","https://www.news.com.au/technology/home-entertainment/audio/sony-srsxb43-review-wireless-portable-speaker-defies-lockdown-rule/news-story/b4fa89f98af1afb6ceccfcb53b387310"
"2020-09-27","https://www.news.com.au/technology/innovation/motoring/on-the-road/takata-airbag-class-action-two-million-aussies-encouraged-to-take-part-in-historic-legal-action/news-story/1ec5819d388212ccfcd9c24d50c9dc47"
"2020-09-27","https://www.news.com.au/technology/environment/new-modelling-shows-up-to-15-tropical-cyclones-could-hit-australia-this-season/news-story/91e9d84353a408cdcb29c9c6ffdcc98f"
"2020-09-27","https://www.news.com.au/finance/real-estate/buying/sydney-man-eats-nothing-but-tuna-and-rice-to-buy-inner-city-million-dollar-apartment/news-story/9289485b62d7821ca2d02e117bee8b00"
"2020-09-27","https://www.news.com.au/finance/economy/panic-buying-hits-the-uk-as-coronavirus-infections-skyrocket/news-story/90655afca64b886a01a6af090538a986"
"2020-09-27","https://www.news.com.au/finance/business/banking/westpac-customer-12s-suspicious-action-that-led-bank-to-13bn-austrac-fine/news-story/e96065477b44b266737f6cae0ccf47d2"
"2020-09-27","https://www.news.com.au/finance/business/retail/retailer-slammed-for-offensive-anne-frank-holocaust-halloween-costume/news-story/b236bc32cb365d5f77aba51ab0a2ef5a"
"2020-09-27","https://www.news.com.au/finance/business/retail/behind-the-outrage-at-woolies-over-the-ooshies-sellout-was-an-actual-retail-scandal-we-ignored/news-story/091b556e65c5f82aa8667e47f1eadd7e"
"2020-09-27","https://www.news.com.au/sport/cricket/dean-jones-love-child-deserves-acknowledgment-cricketers-mistress-says/news-story/571a8a70a30bff93579019b50f48c6f7"
"2020-09-27","https://www.news.com.au/sport/nrl/origin/nsw-blues-name-potential-debutant-cameron-mcinnes-in-state-of-origin-squad/news-story/ad570819bbc35ab7838ccde6217ffa10"
"2020-09-27","https://www.news.com.au/sport/nrl/dates-and-venues-for-week-one-of-nrl-finals-unveiled/news-story/2892a7a861071f94b8e39234a65c0952"
"2020-09-27","https://www.news.com.au/sport/motorsport/formula-one/mick-schumacher-talks-about-lewis-hamilton-equalling-his-fathers-race-win-record/news-story/6b2417c035abd38c6938d7014c754ca0"
"2020-09-27","https://www.news.com.au/sport/nrl/new-zealand-warriors-end-difficult-season-with-a-deserving-victory/news-story/baee57e082e85b3466802690cd485c12"
"2020-09-27","https://www.news.com.au/sport/motorsport/v8-supercars/scott-mclaughlin-wins-third-straight-supercars-championship-before-bathurst/news-story/b24a1a5dbd34b3c91b0d1f5a5c91ad60"
"2020-09-27","https://www.news.com.au/sport/boxing-champion-john-riel-casimeros-cocky-celebration-after-brutal-knockout/news-story/ba5e3d5feab92cbc9593be2fcd8adb5e"
"2020-09-27","https://www.news.com.au/sport/sports-life/elliejean-coffey-reveals-the-terrifying-abuse-she-suffered-in-surfing/news-story/ae94649e79d6698c8548c5762ab9def9"
